FirstName,Initials,Lastname,Username,Email,StreetAddress,City,Country,Department,Password,Telephone,JobTitle,Company
user1,u1,ser1,user1,user1@test.local,1 rue lyon,Lyon,France,IT,]2)pzb4L,401010101,Engineer,sciencesu
user2,u2,ser2,user2,user2@test.local,2 rue lyon,Lyon,France,IT,.y6=NK4},401010102,Engineer,sciencesu
user3,u3,ser3,user3,user3@test.local,3 rue lyon,Lyon,France,IT,?D_6[U.n,401010103,Engineer,sciencesu
user4,u4,ser4,user4,user4@test.local,4 rue lyon,Lyon,France,IT,x$)XP5+!,401010104,Engineer,sciencesu
user5,u5,ser5,user5,user5@test.local,5 rue lyon,Lyon,France,IT,W42.)mFK,401010105,Engineer,sciencesu
user6,u6,ser6,user6,user6@test.local,6 rue lyon,Lyon,France,IT,P6(2bF)Z,401010106,Engineer,sciencesu
user7,u7,ser7,user7,user7@test.local,7 rue lyon,Lyon,France,IT,zy-pB5n*,401010107,Engineer,sciencesu
user8,u8,ser8,user8,user8@test.local,8 rue lyon,Lyon,France,IT,2Y4C+zn$,401010108,Engineer,sciencesu
user9,u9,ser9,user9,user9@test.local,9 rue lyon,Lyon,France,IT,_7FzPvJV,401010109,Engineer,sciencesu
user10,u10,ser10,user10,user10@test.local,10 rue lyon,Lyon,France,IT,t6P&9CNb,401010110,Engineer,sciencesu
user11,u11,ser11,user11,user11@test.local,11 rue lyon,Lyon,France,IT,5.rnKgJu,401010111,Engineer,sciencesu
user12,u12,ser12,user12,user12@test.local,12 rue lyon,Lyon,France,IT,E]cFxvj9,401010112,Engineer,sciencesu
user13,u13,ser13,user13,user13@test.local,13 rue lyon,Lyon,France,IT,N8qk-{5w,401010113,Engineer,sciencesu
user14,u14,ser14,user14,user14@test.local,14 rue lyon,Lyon,France,IT,-v4!kyL5,401010114,Engineer,sciencesu
user15,u15,ser15,user15,user15@test.local,15 rue lyon,Lyon,France,IT,!cF8B}DL,401010115,Engineer,sciencesu
user16,u16,ser16,user16,user16@test.local,16 rue lyon,Lyon,France,IT,xv97$hU(,401010116,Manager,sciencesu
user17,u17,ser17,user17,user17@test.local,17 rue lyon,Lyon,France,IT,S3=Fd*gM,401010117,Manager,sciencesu
user18,u18,ser18,user18,user18@test.local,18 rue lyon,Lyon,France,IT,[Dh65@.g,401010118,Manager,sciencesu
user19,u19,ser19,user19,user19@test.local,19 rue lyon,Lyon,France,IT,.6HmZ+jK,401010119,Manager,sciencesu
user20,u20,ser20,user20,user20@test.local,20 rue lyon,Lyon,France,IT,ky*)CL5b,401010120,Manager,sciencesu